Chromosome	Position	rsID	REF	ALT	Genotype	Clinical_Significance	Disease	Gene
1	31349647	rs2491132;12756	C	T	0/1	association	Obesity,_association_with	SDC3:9672
2	33682737	rs2124437;236028	G	T	0/1	association	Lip_and_oral_cavity_carcinoma	RASGRP3:25780
2	103092513	rs1468788;1120031	C	T	0/1	association	Ascending_aortic_dissection	SLC9A4:389015
2	103125984	rs4851608;1120028	C	T	0/1	association	Ascending_aortic_dissection	SLC9A4:389015
4	9966380	rs7442295;4593	A	G	0/1	association	Uric_acid_concentration,_serum,_quantitative_trait_locus_2	SLC2A9:56606
4	145460230	rs13147758;870129	A	G	0/1	association	Chronic_obstructive_pulmonary_disease|Chronic_obstructive_pulmonary_disease,_biomass_related	HHIP:64399
4	145480780	rs1828591;870131	A	G	0/1	association	Chronic_obstructive_pulmonary_disease|Chronic_obstructive_pulmonary_disease,_biomass_related	HHIP:64399
4	145486389	rs13118928;870130	A	G	0/1	association	Chronic_obstructive_pulmonary_disease|Chronic_obstructive_pulmonary_disease,_biomass_related	HHIP:64399
5	167845791	rs17070145;1213	C	T	0/1	association	Memory_quantitative_trait_locus	WWC1:23286
6	31794592	rs2763979;694519	C	T	0/1	association	Chronic_obstructive_pulmonary_disease	HSPA1B:3304
7	28532464	rs4722804;1691115	G	T	0/1	association	Vascular_endothelial_growth_factor_(VEGF)_inhibitor_response	CREB5:9586
8	61452046	rs2272620;1691117	A	G	0/1	association	Vascular_endothelial_growth_factor_(VEGF)_inhibitor_response	RAB2A:5862
10	96797470	rs1934953;1693596	C	T	0/1	association	Pulmonary_disease,_chronic_obstructive,_susceptibility_to	CYP2C8:1558
15	28365618	rs12913832;4745	A	G	0/1	association	SKIN/HAIR/EYE_PIGMENTATION_1,_BLUE/NONBLUE_EYES	HERC2:8924|LOC128772394:128772394
15	28530182	rs1667394;4743	C	T	0/1	association	SKIN/HAIR/EYE_PIGMENTATION_1,_BLUE/NONBLUE_EYES	HERC2:8924
16	16171148	rs4148353;126858	G	T	0/1	association	Familial_cancer_of_breast	ABCC1:4363
16	20365654	rs13333226;219224	A	G	0/1	association	Essential_hypertension	UMOD:7369
17	40688291	i6015336;3759435	A	T	0/1	Pathogenic	Mucopolysaccharidosis,_MPS-III-B|Charcot-Marie-Tooth_disease_axonal_type_2V	NAGLU:4669|LOC130060903:130060903
17	63133674	i6031250;3249550	C	T	0/1	Likely_pathogenic	Retinal_dystrophy	RGS9:8787|LOC130061461:130061461
19	10218030	rs1551570;180725	C	T	0/1	association	Cataplexy_and_narcolepsy	PPAN:56342|PPAN-P2RY11:692312
